slug,name_display,source_format,original_preserved,raw_path,thumb_path,normalized_path,hires_path,output_format,status,notes
ab-crunch-machine,Ab Crunch Machine,png,yes,assets/exercises/Ab Crunch Machine.png,assets/exercises/thumbs/ab-crunch-machine.webp,assets/exercises/normalized/ab-crunch-machine.webp,assets/exercises/hires/ab-crunch-machine.webp,webp,ok,6838KB → norm: 297KB (-96%)
ab-wheel-rollout,Ab Wheel Rollout,png,yes,assets/exercises/Ab Wheel Rollout.png,assets/exercises/thumbs/ab-wheel-rollout.webp,assets/exercises/normalized/ab-wheel-rollout.webp,assets/exercises/hires/ab-wheel-rollout.webp,webp,ok,6680KB → norm: 132KB (-98%)
archer-push-up,Archer Push-Up,png,yes,assets/exercises/Archer Push-Up.png,assets/exercises/thumbs/archer-push-up.webp,assets/exercises/normalized/archer-push-up.webp,assets/exercises/hires/archer-push-up.webp,webp,ok,75KB → norm: 13KB (-82%)
arnold-press,Arnold Press,png,yes,assets/exercises/Arnold Press.png,assets/exercises/thumbs/arnold-press.webp,assets/exercises/normalized/arnold-press.webp,assets/exercises/hires/arnold-press.webp,webp,ok,282KB → norm: 27KB (-90%)
assisted-dips,Assisted Dips,png,yes,assets/exercises/Assisted Dips.png,assets/exercises/thumbs/assisted-dips.webp,assets/exercises/normalized/assisted-dips.webp,assets/exercises/hires/assisted-dips.webp,webp,ok,1228KB → norm: 38KB (-97%)
assisted-pull-up-machine,Assisted Pull-Up Machine,png,yes,assets/exercises/Assisted Pull-Up Machine.png,assets/exercises/thumbs/assisted-pull-up-machine.webp,assets/exercises/normalized/assisted-pull-up-machine.webp,assets/exercises/hires/assisted-pull-up-machine.webp,webp,ok,1530KB → norm: 330KB (-78%)
australian-pull-up,Australian Pull-Up,png,yes,assets/exercises/Australian Pull-Up.png,assets/exercises/thumbs/australian-pull-up.webp,assets/exercises/normalized/australian-pull-up.webp,assets/exercises/hires/australian-pull-up.webp,webp,ok,918KB → norm: 23KB (-97%)
barbell-back-squat,Barbell Back Squat,png,yes,assets/exercises/Barbell Back Squat.png,assets/exercises/thumbs/barbell-back-squat.webp,assets/exercises/normalized/barbell-back-squat.webp,assets/exercises/hires/barbell-back-squat.webp,webp,ok,1630KB → norm: 183KB (-89%)
barbell-bench-press,Barbell Bench Press,png,yes,assets/exercises/Barbell Bench Press.png,assets/exercises/thumbs/barbell-bench-press.webp,assets/exercises/normalized/barbell-bench-press.webp,assets/exercises/hires/barbell-bench-press.webp,webp,ok,1052KB → norm: 30KB (-97%)
barbell-curl,Barbell Curl,png,yes,assets/exercises/Barbell Curl.png,assets/exercises/thumbs/barbell-curl.webp,assets/exercises/normalized/barbell-curl.webp,assets/exercises/hires/barbell-curl.webp,webp,ok,985KB → norm: 26KB (-97%)
barbell-row,Barbell Row,png,yes,assets/exercises/Barbell Row.png,assets/exercises/thumbs/barbell-row.webp,assets/exercises/normalized/barbell-row.webp,assets/exercises/hires/barbell-row.webp,webp,ok,634KB → norm: 32KB (-95%)
battle-ropes,Battle Ropes,png,yes,assets/exercises/Battle Ropes.png,assets/exercises/thumbs/battle-ropes.webp,assets/exercises/normalized/battle-ropes.webp,assets/exercises/hires/battle-ropes.webp,webp,ok,1127KB → norm: 37KB (-97%)
bear-crawl,Bear Crawl,png,yes,assets/exercises/Bear Crawl.png,assets/exercises/thumbs/bear-crawl.webp,assets/exercises/normalized/bear-crawl.webp,assets/exercises/hires/bear-crawl.webp,webp,ok,883KB → norm: 49KB (-94%)
bench-dip,Bench Dip,png,yes,assets/exercises/Bench Dip.png,assets/exercises/thumbs/bench-dip.webp,assets/exercises/normalized/bench-dip.webp,assets/exercises/hires/bench-dip.webp,webp,ok,2041KB → norm: 338KB (-83%)
bicycle-crunch,Bicycle Crunch,png,yes,assets/exercises/Bicycle Crunch.png,assets/exercises/thumbs/bicycle-crunch.webp,assets/exercises/normalized/bicycle-crunch.webp,assets/exercises/hires/bicycle-crunch.webp,webp,ok,285KB → norm: 29KB (-90%)
bird-dog,Bird Dog,png,yes,assets/exercises/Bird Dog.png,assets/exercises/thumbs/bird-dog.webp,assets/exercises/normalized/bird-dog.webp,assets/exercises/hires/bird-dog.webp,webp,ok,240KB → norm: 25KB (-90%)
box-jump,Box Jump,png,yes,assets/exercises/Box Jump.png,assets/exercises/thumbs/box-jump.webp,assets/exercises/normalized/box-jump.webp,assets/exercises/hires/box-jump.webp,webp,ok,760KB → norm: 177KB (-77%)
box-squat,Box Squat,png,yes,assets/exercises/Box Squat.png,assets/exercises/thumbs/box-squat.webp,assets/exercises/normalized/box-squat.webp,assets/exercises/hires/box-squat.webp,webp,ok,1834KB → norm: 178KB (-90%)
bulgarian-split-squat,Bulgarian Split Squat,png,yes,assets/exercises/Bulgarian Split Squat.png,assets/exercises/thumbs/bulgarian-split-squat.webp,assets/exercises/normalized/bulgarian-split-squat.webp,assets/exercises/hires/bulgarian-split-squat.webp,webp,ok,230KB → norm: 25KB (-89%)
burpee,Burpee,png,yes,assets/exercises/Burpee.png,assets/exercises/thumbs/burpee.webp,assets/exercises/normalized/burpee.webp,assets/exercises/hires/burpee.webp,webp,ok,802KB → norm: 22KB (-97%)
cable-chest-fly,Cable Chest Fly,png,yes,assets/exercises/Cable Chest Fly.png,assets/exercises/thumbs/cable-chest-fly.webp,assets/exercises/normalized/cable-chest-fly.webp,assets/exercises/hires/cable-chest-fly.webp,webp,ok,1103KB → norm: 36KB (-97%)
cable-crunch,Cable Crunch,png,yes,assets/exercises/Cable Crunch.png,assets/exercises/thumbs/cable-crunch.webp,assets/exercises/normalized/cable-crunch.webp,assets/exercises/hires/cable-crunch.webp,webp,ok,919KB → norm: 174KB (-81%)
cable-curl,Cable Curl,png,yes,assets/exercises/Cable Curl.png,assets/exercises/thumbs/cable-curl.webp,assets/exercises/normalized/cable-curl.webp,assets/exercises/hires/cable-curl.webp,webp,ok,1520KB → norm: 309KB (-80%)
cable-kickback,Cable Kickback,png,yes,assets/exercises/Cable Kickback.png,assets/exercises/thumbs/cable-kickback.webp,assets/exercises/normalized/cable-kickback.webp,assets/exercises/hires/cable-kickback.webp,webp,ok,1001KB → norm: 159KB (-84%)
cable-lateral-raise,Cable Lateral Raise,png,yes,assets/exercises/Cable Lateral Raise.png,assets/exercises/thumbs/cable-lateral-raise.webp,assets/exercises/normalized/cable-lateral-raise.webp,assets/exercises/hires/cable-lateral-raise.webp,webp,ok,492KB → norm: 66KB (-87%)
cable-pull-through,Cable Pull-Through,png,yes,assets/exercises/Cable Pull-Through.png,assets/exercises/thumbs/cable-pull-through.webp,assets/exercises/normalized/cable-pull-through.webp,assets/exercises/hires/cable-pull-through.webp,webp,ok,1027KB → norm: 28KB (-97%)
cable-triceps-kickback,Cable Triceps Kickback,png,yes,assets/exercises/Cable Triceps Kickback.png,assets/exercises/thumbs/cable-triceps-kickback.webp,assets/exercises/normalized/cable-triceps-kickback.webp,assets/exercises/hires/cable-triceps-kickback.webp,webp,ok,1648KB → norm: 148KB (-91%)
calf-raise,Calf Raise,png,yes,assets/exercises/Calf Raise.png,assets/exercises/thumbs/calf-raise.webp,assets/exercises/normalized/calf-raise.webp,assets/exercises/hires/calf-raise.webp,webp,ok,1256KB → norm: 270KB (-79%)
cat-cow-stretch,Cat-Cow Stretch,png,yes,assets/exercises/Cat-Cow Stretch.png,assets/exercises/thumbs/cat-cow-stretch.webp,assets/exercises/normalized/cat-cow-stretch.webp,assets/exercises/hires/cat-cow-stretch.webp,webp,ok,193KB → norm: 18KB (-90%)
chest-fly,Chest Fly,png,yes,assets/exercises/Chest Fly.png,assets/exercises/thumbs/chest-fly.webp,assets/exercises/normalized/chest-fly.webp,assets/exercises/hires/chest-fly.webp,webp,ok,1055KB → norm: 36KB (-97%)
chest-opener-stretch,Chest Opener Stretch,png,yes,assets/exercises/Chest Opener Stretch.png,assets/exercises/thumbs/chest-opener-stretch.webp,assets/exercises/normalized/chest-opener-stretch.webp,assets/exercises/hires/chest-opener-stretch.webp,webp,ok,256KB → norm: 22KB (-92%)
chest-press-machine,Chest Press Machine,png,yes,assets/exercises/Chest Press Machine.png,assets/exercises/thumbs/chest-press-machine.webp,assets/exercises/normalized/chest-press-machine.webp,assets/exercises/hires/chest-press-machine.webp,webp,ok,1246KB → norm: 38KB (-97%)
chest-supported-row,Chest-Supported Row,png,yes,assets/exercises/Chest-Supported Row.png,assets/exercises/thumbs/chest-supported-row.webp,assets/exercises/normalized/chest-supported-row.webp,assets/exercises/hires/chest-supported-row.webp,webp,ok,1182KB → norm: 34KB (-97%)
child-s-pose,Child's Pose,png,yes,assets/exercises/Child's Pose.png,assets/exercises/thumbs/child-s-pose.webp,assets/exercises/normalized/child-s-pose.webp,assets/exercises/hires/child-s-pose.webp,webp,ok,158KB → norm: 16KB (-90%)
chin-up,Chin-Up,png,yes,assets/exercises/Chin-Up.png,assets/exercises/thumbs/chin-up.webp,assets/exercises/normalized/chin-up.webp,assets/exercises/hires/chin-up.webp,webp,ok,1047KB → norm: 238KB (-77%)
close-grip-bench-press,Close-Grip Bench Press,png,yes,assets/exercises/Close-Grip Bench Press.png,assets/exercises/thumbs/close-grip-bench-press.webp,assets/exercises/normalized/close-grip-bench-press.webp,assets/exercises/hires/close-grip-bench-press.webp,webp,ok,1240KB → norm: 32KB (-97%)
concentration-curl,Concentration Curl,png,yes,assets/exercises/Concentration Curl.png,assets/exercises/thumbs/concentration-curl.webp,assets/exercises/normalized/concentration-curl.webp,assets/exercises/hires/concentration-curl.webp,webp,ok,1537KB → norm: 310KB (-80%)
crunch,Crunch,png,yes,assets/exercises/Crunch.png,assets/exercises/thumbs/crunch.webp,assets/exercises/normalized/crunch.webp,assets/exercises/hires/crunch.webp,webp,ok,217KB → norm: 27KB (-87%)
cycling,Cycling,png,yes,assets/exercises/Cycling.png,assets/exercises/thumbs/cycling.webp,assets/exercises/normalized/cycling.webp,assets/exercises/hires/cycling.webp,webp,ok,1986KB → norm: 340KB (-83%)
dead-bug,Dead Bug,png,yes,assets/exercises/Dead Bug.png,assets/exercises/thumbs/dead-bug.webp,assets/exercises/normalized/dead-bug.webp,assets/exercises/hires/dead-bug.webp,webp,ok,250KB → norm: 22KB (-91%)
deadlift,Deadlift,png,yes,assets/exercises/Deadlift.png,assets/exercises/thumbs/deadlift.webp,assets/exercises/normalized/deadlift.webp,assets/exercises/hires/deadlift.webp,webp,ok,1477KB → norm: 347KB (-76%)
decline-bench-press,Decline Bench Press,png,yes,assets/exercises/Decline Bench Press.png,assets/exercises/thumbs/decline-bench-press.webp,assets/exercises/normalized/decline-bench-press.webp,assets/exercises/hires/decline-bench-press.webp,webp,ok,1069KB → norm: 33KB (-97%)
decline-push-up,Decline Push-Up,png,yes,assets/exercises/Decline Push-Up.png,assets/exercises/thumbs/decline-push-up.webp,assets/exercises/normalized/decline-push-up.webp,assets/exercises/hires/decline-push-up.webp,webp,ok,123KB → norm: 12KB (-90%)
diamond-push-up,Diamond Push-Up,png,yes,assets/exercises/Diamond Push-Up.png,assets/exercises/thumbs/diamond-push-up.webp,assets/exercises/normalized/diamond-push-up.webp,assets/exercises/hires/diamond-push-up.webp,webp,ok,196KB → norm: 15KB (-92%)
dips,Dips,png,yes,assets/exercises/Dips.png,assets/exercises/thumbs/dips.webp,assets/exercises/normalized/dips.webp,assets/exercises/hires/dips.webp,webp,ok,1165KB → norm: 24KB (-98%)
dumbbell-bench-press,Dumbbell Bench Press,png,yes,assets/exercises/Dumbbell Bench Press.png,assets/exercises/thumbs/dumbbell-bench-press.webp,assets/exercises/normalized/dumbbell-bench-press.webp,assets/exercises/hires/dumbbell-bench-press.webp,webp,ok,1064KB → norm: 31KB (-97%)
dumbbell-curl,Dumbbell Curl,png,yes,assets/exercises/Dumbbell Curl.png,assets/exercises/thumbs/dumbbell-curl.webp,assets/exercises/normalized/dumbbell-curl.webp,assets/exercises/hires/dumbbell-curl.webp,webp,ok,1421KB → norm: 278KB (-80%)
dumbbell-fly,Dumbbell Fly,png,yes,assets/exercises/Dumbbell Fly.png,assets/exercises/thumbs/dumbbell-fly.webp,assets/exercises/normalized/dumbbell-fly.webp,assets/exercises/hires/dumbbell-fly.webp,webp,ok,272KB → norm: 39KB (-86%)
dumbbell-row,Dumbbell Row,png,yes,assets/exercises/Dumbbell Row.png,assets/exercises/thumbs/dumbbell-row.webp,assets/exercises/normalized/dumbbell-row.webp,assets/exercises/hires/dumbbell-row.webp,webp,ok,621KB → norm: 39KB (-94%)
dumbbell-shoulder-press,Dumbbell Shoulder Press,png,yes,assets/exercises/Dumbbell Shoulder Press.png,assets/exercises/thumbs/dumbbell-shoulder-press.webp,assets/exercises/normalized/dumbbell-shoulder-press.webp,assets/exercises/hires/dumbbell-shoulder-press.webp,webp,ok,1290KB → norm: 137KB (-89%)
elliptical,Elliptical,png,yes,assets/exercises/Elliptical.png,assets/exercises/thumbs/elliptical.webp,assets/exercises/normalized/elliptical.webp,assets/exercises/hires/elliptical.webp,webp,ok,2077KB → norm: 295KB (-86%)
face-pull,Face Pull,png,yes,assets/exercises/Face Pull.png,assets/exercises/thumbs/face-pull.webp,assets/exercises/normalized/face-pull.webp,assets/exercises/hires/face-pull.webp,webp,ok,956KB → norm: 22KB (-98%)
farmer-s-walk,Farmer's Walk,png,yes,assets/exercises/Farmer's Walk.png,assets/exercises/thumbs/farmer-s-walk.webp,assets/exercises/normalized/farmer-s-walk.webp,assets/exercises/hires/farmer-s-walk.webp,webp,ok,990KB → norm: 209KB (-79%)
front-raise,Front Raise,png,yes,assets/exercises/Front Raise.png,assets/exercises/thumbs/front-raise.webp,assets/exercises/normalized/front-raise.webp,assets/exercises/hires/front-raise.webp,webp,ok,1023KB → norm: 27KB (-97%)
front-squat,Front Squat,png,yes,assets/exercises/Front Squat.png,assets/exercises/thumbs/front-squat.webp,assets/exercises/normalized/front-squat.webp,assets/exercises/hires/front-squat.webp,webp,ok,1972KB → norm: 191KB (-90%)
glute-bridge,Glute Bridge,png,yes,assets/exercises/Glute Bridge.png,assets/exercises/thumbs/glute-bridge.webp,assets/exercises/normalized/glute-bridge.webp,assets/exercises/hires/glute-bridge.webp,webp,ok,843KB → norm: 16KB (-98%)
goblet-squat,Goblet Squat,png,yes,assets/exercises/Goblet Squat.png,assets/exercises/thumbs/goblet-squat.webp,assets/exercises/normalized/goblet-squat.webp,assets/exercises/hires/goblet-squat.webp,webp,ok,2120KB → norm: 143KB (-93%)
good-morning,Good Morning,png,yes,assets/exercises/Good Morning.png,assets/exercises/thumbs/good-morning.webp,assets/exercises/normalized/good-morning.webp,assets/exercises/hires/good-morning.webp,webp,ok,590KB → norm: 30KB (-95%)
hack-squat,Hack Squat,png,yes,assets/exercises/Hack Squat.png,assets/exercises/thumbs/hack-squat.webp,assets/exercises/normalized/hack-squat.webp,assets/exercises/hires/hack-squat.webp,webp,ok,349KB → norm: 56KB (-84%)
hammer-curl,Hammer Curl,png,yes,assets/exercises/Hammer Curl.png,assets/exercises/thumbs/hammer-curl.webp,assets/exercises/normalized/hammer-curl.webp,assets/exercises/hires/hammer-curl.webp,webp,ok,1759KB → norm: 264KB (-85%)
handstand-hold,Handstand Hold,png,yes,assets/exercises/Handstand Hold.png,assets/exercises/thumbs/handstand-hold.webp,assets/exercises/normalized/handstand-hold.webp,assets/exercises/hires/handstand-hold.webp,webp,ok,188KB → norm: 19KB (-90%)
handstand-push-up,Handstand Push-Up,png,yes,assets/exercises/Handstand Push-Up.png,assets/exercises/thumbs/handstand-push-up.webp,assets/exercises/normalized/handstand-push-up.webp,assets/exercises/hires/handstand-push-up.webp,webp,ok,1592KB → norm: 134KB (-92%)
hanging-knee-raise,Hanging Knee Raise,png,yes,assets/exercises/Hanging Knee Raise.png,assets/exercises/thumbs/hanging-knee-raise.webp,assets/exercises/normalized/hanging-knee-raise.webp,assets/exercises/hires/hanging-knee-raise.webp,webp,ok,874KB → norm: 20KB (-98%)
hanging-leg-raise,Hanging Leg Raise,png,yes,assets/exercises/Hanging Leg Raise.png,assets/exercises/thumbs/hanging-leg-raise.webp,assets/exercises/normalized/hanging-leg-raise.webp,assets/exercises/hires/hanging-leg-raise.webp,webp,ok,1032KB → norm: 28KB (-97%)
high-knees,High Knees,png,yes,assets/exercises/High Knees.png,assets/exercises/thumbs/high-knees.webp,assets/exercises/normalized/high-knees.webp,assets/exercises/hires/high-knees.webp,webp,ok,1193KB → norm: 25KB (-98%)
hip-abduction,Hip Abduction,png,yes,assets/exercises/Hip Abduction.png,assets/exercises/thumbs/hip-abduction.webp,assets/exercises/normalized/hip-abduction.webp,assets/exercises/hires/hip-abduction.webp,webp,ok,301KB → norm: 40KB (-87%)
hip-adduction,Hip Adduction,png,yes,assets/exercises/Hip Adduction.png,assets/exercises/thumbs/hip-adduction.webp,assets/exercises/normalized/hip-adduction.webp,assets/exercises/hires/hip-adduction.webp,webp,ok,7818KB → norm: 161KB (-98%)
hip-flexor-stretch,Hip Flexor Stretch,png,yes,assets/exercises/Hip Flexor Stretch.png,assets/exercises/thumbs/hip-flexor-stretch.webp,assets/exercises/normalized/hip-flexor-stretch.webp,assets/exercises/hires/hip-flexor-stretch.webp,webp,ok,232KB → norm: 21KB (-91%)
hip-thrust,Hip Thrust,png,yes,assets/exercises/Hip Thrust.png,assets/exercises/thumbs/hip-thrust.webp,assets/exercises/normalized/hip-thrust.webp,assets/exercises/hires/hip-thrust.webp,webp,ok,976KB → norm: 24KB (-97%)
hollow-body-hold,Hollow Body Hold,png,yes,assets/exercises/Hollow Body Hold.png,assets/exercises/thumbs/hollow-body-hold.webp,assets/exercises/normalized/hollow-body-hold.webp,assets/exercises/hires/hollow-body-hold.webp,webp,ok,101KB → norm: 11KB (-89%)
hyperextension,Hyperextension,png,yes,assets/exercises/Hyperextension.png,assets/exercises/thumbs/hyperextension.webp,assets/exercises/normalized/hyperextension.webp,assets/exercises/hires/hyperextension.webp,webp,ok,465KB → norm: 30KB (-93%)
inchworm,Inchworm,png,yes,assets/exercises/Inchworm.png,assets/exercises/thumbs/inchworm.webp,assets/exercises/normalized/inchworm.webp,assets/exercises/hires/inchworm.webp,webp,ok,474KB → norm: 19KB (-96%)
incline-barbell-bench-press,Incline Barbell Bench Press,png,yes,assets/exercises/Incline Barbell Bench Press.png,assets/exercises/thumbs/incline-barbell-bench-press.webp,assets/exercises/normalized/incline-barbell-bench-press.webp,assets/exercises/hires/incline-barbell-bench-press.webp,webp,ok,351KB → norm: 49KB (-86%)
incline-dumbbell-bench-press,Incline Dumbbell Bench Press,png,yes,assets/exercises/Incline Dumbbell Bench Press.png,assets/exercises/thumbs/incline-dumbbell-bench-press.webp,assets/exercises/normalized/incline-dumbbell-bench-press.webp,assets/exercises/hires/incline-dumbbell-bench-press.webp,webp,ok,239KB → norm: 32KB (-87%)
incline-dumbbell-curl,Incline Dumbbell Curl,png,yes,assets/exercises/Incline Dumbbell Curl.png,assets/exercises/thumbs/incline-dumbbell-curl.webp,assets/exercises/normalized/incline-dumbbell-curl.webp,assets/exercises/hires/incline-dumbbell-curl.webp,webp,ok,1576KB → norm: 318KB (-80%)
incline-push-up,Incline Push-Up,png,yes,assets/exercises/Incline Push-Up.png,assets/exercises/thumbs/incline-push-up.webp,assets/exercises/normalized/incline-push-up.webp,assets/exercises/hires/incline-push-up.webp,webp,ok,792KB → norm: 28KB (-96%)
incline-walk,Incline Walk,png,yes,assets/exercises/Incline Walk.png,assets/exercises/thumbs/incline-walk.webp,assets/exercises/normalized/incline-walk.webp,assets/exercises/hires/incline-walk.webp,webp,ok,1111KB → norm: 37KB (-97%)
inverted-row,Inverted Row,png,yes,assets/exercises/Inverted Row.png,assets/exercises/thumbs/inverted-row.webp,assets/exercises/normalized/inverted-row.webp,assets/exercises/hires/inverted-row.webp,webp,ok,1053KB → norm: 23KB (-98%)
jump-rope,Jump Rope,png,yes,assets/exercises/Jump Rope.png,assets/exercises/thumbs/jump-rope.webp,assets/exercises/normalized/jump-rope.webp,assets/exercises/hires/jump-rope.webp,webp,ok,1080KB → norm: 210KB (-81%)
jumping-jack,Jumping Jack,png,yes,assets/exercises/Jumping Jack.png,assets/exercises/thumbs/jumping-jack.webp,assets/exercises/normalized/jumping-jack.webp,assets/exercises/hires/jumping-jack.webp,webp,ok,519KB → norm: 28KB (-95%)
kettlebell-swing,Kettlebell Swing,png,yes,assets/exercises/Kettlebell Swing.png,assets/exercises/thumbs/kettlebell-swing.webp,assets/exercises/normalized/kettlebell-swing.webp,assets/exercises/hires/kettlebell-swing.webp,webp,ok,291KB → norm: 63KB (-78%)
l-sit,L-Sit,png,yes,assets/exercises/L-Sit.png,assets/exercises/thumbs/l-sit.webp,assets/exercises/normalized/l-sit.webp,assets/exercises/hires/l-sit.webp,webp,ok,208KB → norm: 29KB (-86%)
landmine-press,Landmine Press,png,yes,assets/exercises/Landmine Press.png,assets/exercises/thumbs/landmine-press.webp,assets/exercises/normalized/landmine-press.webp,assets/exercises/hires/landmine-press.webp,webp,ok,1340KB → norm: 50KB (-96%)
lat-pulldown,Lat Pulldown,png,yes,assets/exercises/Lat Pulldown.png,assets/exercises/thumbs/lat-pulldown.webp,assets/exercises/normalized/lat-pulldown.webp,assets/exercises/hires/lat-pulldown.webp,webp,ok,1615KB → norm: 318KB (-80%)
lateral-raise,Lateral Raise,png,yes,assets/exercises/Lateral Raise.png,assets/exercises/thumbs/lateral-raise.webp,assets/exercises/normalized/lateral-raise.webp,assets/exercises/hires/lateral-raise.webp,webp,ok,218KB → norm: 28KB (-87%)
leg-curl,Leg Curl,png,yes,assets/exercises/Leg Curl.png,assets/exercises/thumbs/leg-curl.webp,assets/exercises/normalized/leg-curl.webp,assets/exercises/hires/leg-curl.webp,webp,ok,1106KB → norm: 30KB (-97%)
leg-extension,Leg Extension,png,yes,assets/exercises/Leg Extension.png,assets/exercises/thumbs/leg-extension.webp,assets/exercises/normalized/leg-extension.webp,assets/exercises/hires/leg-extension.webp,webp,ok,3005KB → norm: 179KB (-94%)
leg-press,Leg Press,png,yes,assets/exercises/Leg Press.png,assets/exercises/thumbs/leg-press.webp,assets/exercises/normalized/leg-press.webp,assets/exercises/hires/leg-press.webp,webp,ok,4573KB → norm: 178KB (-96%)
leg-raise,Leg Raise,png,yes,assets/exercises/Leg Raise.png,assets/exercises/thumbs/leg-raise.webp,assets/exercises/normalized/leg-raise.webp,assets/exercises/hires/leg-raise.webp,webp,ok,153KB → norm: 14KB (-91%)
lunge,Lunge,png,yes,assets/exercises/Lunge.png,assets/exercises/thumbs/lunge.webp,assets/exercises/normalized/lunge.webp,assets/exercises/hires/lunge.webp,webp,ok,114KB → norm: 11KB (-91%)
lying-leg-curl,Lying Leg Curl,png,yes,assets/exercises/Lying Leg Curl.png,assets/exercises/thumbs/lying-leg-curl.webp,assets/exercises/normalized/lying-leg-curl.webp,assets/exercises/hires/lying-leg-curl.webp,webp,ok,1106KB → norm: 30KB (-97%)
machine-chest-press,Machine Chest Press,png,yes,assets/exercises/Machine Chest Press.png,assets/exercises/thumbs/machine-chest-press.webp,assets/exercises/normalized/machine-chest-press.webp,assets/exercises/hires/machine-chest-press.webp,webp,ok,1246KB → norm: 38KB (-97%)
medicine-ball-slam,Medicine Ball Slam,png,yes,assets/exercises/Medicine Ball Slam.png,assets/exercises/thumbs/medicine-ball-slam.webp,assets/exercises/normalized/medicine-ball-slam.webp,assets/exercises/hires/medicine-ball-slam.webp,webp,ok,946KB → norm: 28KB (-97%)
mountain-climbers,Mountain Climbers,png,yes,assets/exercises/Mountain Climbers.png,assets/exercises/thumbs/mountain-climbers.webp,assets/exercises/normalized/mountain-climbers.webp,assets/exercises/hires/mountain-climbers.webp,webp,ok,184KB → norm: 25KB (-86%)
neck-side-stretch,Neck Side Stretch,png,yes,assets/exercises/Neck Side Stretch.png,assets/exercises/thumbs/neck-side-stretch.webp,assets/exercises/normalized/neck-side-stretch.webp,assets/exercises/hires/neck-side-stretch.webp,webp,ok,170KB → norm: 15KB (-91%)
overhead-press,Overhead Press,png,yes,assets/exercises/Overhead Press.png,assets/exercises/thumbs/overhead-press.webp,assets/exercises/normalized/overhead-press.webp,assets/exercises/hires/overhead-press.webp,webp,ok,2039KB → norm: 167KB (-92%)
overhead-triceps-extension,Overhead Triceps Extension,png,yes,assets/exercises/Overhead Triceps Extension.png,assets/exercises/thumbs/overhead-triceps-extension.webp,assets/exercises/normalized/overhead-triceps-extension.webp,assets/exercises/hires/overhead-triceps-extension.webp,webp,ok,793KB → norm: 25KB (-97%)
pigeon-pose,Pigeon Pose,png,yes,assets/exercises/Pigeon Pose.png,assets/exercises/thumbs/pigeon-pose.webp,assets/exercises/normalized/pigeon-pose.webp,assets/exercises/hires/pigeon-pose.webp,webp,ok,140KB → norm: 12KB (-91%)
pike-push-up,Pike Push-Up,png,yes,assets/exercises/Pike Push-Up.png,assets/exercises/thumbs/pike-push-up.webp,assets/exercises/normalized/pike-push-up.webp,assets/exercises/hires/pike-push-up.webp,webp,ok,273KB → norm: 24KB (-91%)
pistol-squat,Pistol Squat,png,yes,assets/exercises/Pistol Squat.png,assets/exercises/thumbs/pistol-squat.webp,assets/exercises/normalized/pistol-squat.webp,assets/exercises/hires/pistol-squat.webp,webp,ok,4709KB → norm: 144KB (-97%)
plank-shoulder-tap,Plank Shoulder Tap,png,yes,assets/exercises/Plank Shoulder Tap.png,assets/exercises/thumbs/plank-shoulder-tap.webp,assets/exercises/normalized/plank-shoulder-tap.webp,assets/exercises/hires/plank-shoulder-tap.webp,webp,ok,99KB → norm: 16KB (-84%)
plank,Plank,png,yes,assets/exercises/Plank.png,assets/exercises/thumbs/plank.webp,assets/exercises/normalized/plank.webp,assets/exercises/hires/plank.webp,webp,ok,199KB → norm: 20KB (-90%)
preacher-curl,Preacher Curl,png,yes,assets/exercises/Preacher Curl.png,assets/exercises/thumbs/preacher-curl.webp,assets/exercises/normalized/preacher-curl.webp,assets/exercises/hires/preacher-curl.webp,webp,ok,1802KB → norm: 341KB (-81%)
pseudo-planche-push-up,Pseudo Planche Push-Up,png,yes,assets/exercises/Pseudo Planche Push-Up.png,assets/exercises/thumbs/pseudo-planche-push-up.webp,assets/exercises/normalized/pseudo-planche-push-up.webp,assets/exercises/hires/pseudo-planche-push-up.webp,webp,ok,875KB → norm: 20KB (-98%)
pull-up,Pull-Up,png,yes,assets/exercises/Pull-Up.png,assets/exercises/thumbs/pull-up.webp,assets/exercises/normalized/pull-up.webp,assets/exercises/hires/pull-up.webp,webp,ok,1515KB → norm: 274KB (-82%)
push-up,Push-Up,png,yes,assets/exercises/Push-Up.png,assets/exercises/thumbs/push-up.webp,assets/exercises/normalized/push-up.webp,assets/exercises/hires/push-up.webp,webp,ok,163KB → norm: 16KB (-90%)
quadriceps-stretch-standing,Quadriceps Stretch Standing,png,yes,assets/exercises/Quadriceps Stretch Standing.png,assets/exercises/thumbs/quadriceps-stretch-standing.webp,assets/exercises/normalized/quadriceps-stretch-standing.webp,assets/exercises/hires/quadriceps-stretch-standing.webp,webp,ok,256KB → norm: 21KB (-92%)
rear-delt-fly,Rear Delt Fly,png,yes,assets/exercises/Rear Delt Fly.png,assets/exercises/thumbs/rear-delt-fly.webp,assets/exercises/normalized/rear-delt-fly.webp,assets/exercises/hires/rear-delt-fly.webp,webp,ok,1130KB → norm: 209KB (-81%)
reverse-lunge,Reverse Lunge,png,yes,assets/exercises/Reverse Lunge.png,assets/exercises/thumbs/reverse-lunge.webp,assets/exercises/normalized/reverse-lunge.webp,assets/exercises/hires/reverse-lunge.webp,webp,ok,259KB → norm: 22KB (-92%)
reverse-pec-deck,Reverse Pec Deck,png,yes,assets/exercises/Reverse Pec Deck.png,assets/exercises/thumbs/reverse-pec-deck.webp,assets/exercises/normalized/reverse-pec-deck.webp,assets/exercises/hires/reverse-pec-deck.webp,webp,ok,344KB → norm: 46KB (-87%)
romanian-deadlift,Romanian Deadlift,png,yes,assets/exercises/Romanian Deadlift.png,assets/exercises/thumbs/romanian-deadlift.webp,assets/exercises/normalized/romanian-deadlift.webp,assets/exercises/hires/romanian-deadlift.webp,webp,ok,1049KB → norm: 23KB (-98%)
rowing,Rowing,png,yes,assets/exercises/Rowing.png,assets/exercises/thumbs/rowing.webp,assets/exercises/normalized/rowing.webp,assets/exercises/hires/rowing.webp,webp,ok,1057KB → norm: 32KB (-97%)
running,Running,png,yes,assets/exercises/Running.png,assets/exercises/thumbs/running.webp,assets/exercises/normalized/running.webp,assets/exercises/hires/running.webp,webp,ok,973KB → norm: 30KB (-97%)
russian-twist,Russian Twist,png,yes,assets/exercises/Russian Twist.png,assets/exercises/thumbs/russian-twist.webp,assets/exercises/normalized/russian-twist.webp,assets/exercises/hires/russian-twist.webp,webp,ok,1098KB → norm: 33KB (-97%)
seated-cable-row,Seated Cable Row,png,yes,assets/exercises/Seated Cable Row.png,assets/exercises/thumbs/seated-cable-row.webp,assets/exercises/normalized/seated-cable-row.webp,assets/exercises/hires/seated-cable-row.webp,webp,ok,1071KB → norm: 31KB (-97%)
seated-calf-raise,Seated Calf Raise,png,yes,assets/exercises/Seated Calf Raise.png,assets/exercises/thumbs/seated-calf-raise.webp,assets/exercises/normalized/seated-calf-raise.webp,assets/exercises/hires/seated-calf-raise.webp,webp,ok,277KB → norm: 39KB (-86%)
seated-dumbbell-press,Seated Dumbbell Press,png,yes,assets/exercises/Seated Dumbbell Press.png,assets/exercises/thumbs/seated-dumbbell-press.webp,assets/exercises/normalized/seated-dumbbell-press.webp,assets/exercises/hires/seated-dumbbell-press.webp,webp,ok,1290KB → norm: 137KB (-89%)
seated-leg-curl,Seated Leg Curl,png,yes,assets/exercises/Seated Leg Curl.png,assets/exercises/thumbs/seated-leg-curl.webp,assets/exercises/normalized/seated-leg-curl.webp,assets/exercises/hires/seated-leg-curl.webp,webp,ok,1382KB → norm: 238KB (-83%)
seated-row-machine,Seated Row Machine,png,yes,assets/exercises/Seated Row Machine.png,assets/exercises/thumbs/seated-row-machine.webp,assets/exercises/normalized/seated-row-machine.webp,assets/exercises/hires/seated-row-machine.webp,webp,ok,1115KB → norm: 35KB (-97%)
shoulder-cross-body-stretch,Shoulder Cross-Body Stretch,png,yes,assets/exercises/Shoulder Cross-Body Stretch.png,assets/exercises/thumbs/shoulder-cross-body-stretch.webp,assets/exercises/normalized/shoulder-cross-body-stretch.webp,assets/exercises/hires/shoulder-cross-body-stretch.webp,webp,ok,200KB → norm: 15KB (-92%)
shoulder-press-machine,Shoulder Press Machine,png,yes,assets/exercises/Shoulder Press Machine.png,assets/exercises/thumbs/shoulder-press-machine.webp,assets/exercises/normalized/shoulder-press-machine.webp,assets/exercises/hires/shoulder-press-machine.webp,webp,ok,1211KB → norm: 40KB (-97%)
side-plank,Side Plank,png,yes,assets/exercises/Side Plank.png,assets/exercises/thumbs/side-plank.webp,assets/exercises/normalized/side-plank.webp,assets/exercises/hires/side-plank.webp,webp,ok,977KB → norm: 25KB (-97%)
single-arm-cable-row,Single-Arm Cable Row,png,yes,assets/exercises/Single-Arm Cable Row.png,assets/exercises/thumbs/single-arm-cable-row.webp,assets/exercises/normalized/single-arm-cable-row.webp,assets/exercises/hires/single-arm-cable-row.webp,webp,ok,700KB → norm: 29KB (-96%)
single-leg-hip-thrust,Single-Leg Hip Thrust,png,yes,assets/exercises/Single-Leg Hip Thrust.png,assets/exercises/thumbs/single-leg-hip-thrust.webp,assets/exercises/normalized/single-leg-hip-thrust.webp,assets/exercises/hires/single-leg-hip-thrust.webp,webp,ok,915KB → norm: 22KB (-98%)
sit-up,Sit-Up,png,yes,assets/exercises/Sit-Up.png,assets/exercises/thumbs/sit-up.webp,assets/exercises/normalized/sit-up.webp,assets/exercises/hires/sit-up.webp,webp,ok,175KB → norm: 24KB (-87%)
skater-jump,Skater Jump,png,yes,assets/exercises/Skater Jump.png,assets/exercises/thumbs/skater-jump.webp,assets/exercises/normalized/skater-jump.webp,assets/exercises/hires/skater-jump.webp,webp,ok,499KB → norm: 29KB (-94%)
skull-crusher,Skull Crusher,png,yes,assets/exercises/Skull Crusher.png,assets/exercises/thumbs/skull-crusher.webp,assets/exercises/normalized/skull-crusher.webp,assets/exercises/hires/skull-crusher.webp,webp,ok,4485KB → norm: 315KB (-93%)
sled-push,Sled Push,png,yes,assets/exercises/Sled Push.png,assets/exercises/thumbs/sled-push.webp,assets/exercises/normalized/sled-push.webp,assets/exercises/hires/sled-push.webp,webp,ok,304KB → norm: 38KB (-88%)
smith-machine-squat,Smith Machine Squat,png,yes,assets/exercises/Smith Machine Squat.png,assets/exercises/thumbs/smith-machine-squat.webp,assets/exercises/normalized/smith-machine-squat.webp,assets/exercises/hires/smith-machine-squat.webp,webp,ok,1294KB → norm: 48KB (-96%)
sprint-intervals,Sprint Intervals,png,yes,assets/exercises/Sprint Intervals.png,assets/exercises/thumbs/sprint-intervals.webp,assets/exercises/normalized/sprint-intervals.webp,assets/exercises/hires/sprint-intervals.webp,webp,ok,1017KB → norm: 31KB (-97%)
squat-jump,Squat Jump,png,yes,assets/exercises/Squat Jump.png,assets/exercises/thumbs/squat-jump.webp,assets/exercises/normalized/squat-jump.webp,assets/exercises/hires/squat-jump.webp,webp,ok,1234KB → norm: 28KB (-98%)
stair-climber,Stair Climber,png,yes,assets/exercises/Stair Climber.png,assets/exercises/thumbs/stair-climber.webp,assets/exercises/normalized/stair-climber.webp,assets/exercises/hires/stair-climber.webp,webp,ok,1124KB → norm: 35KB (-97%)
standing-calf-raise,Standing Calf Raise,png,yes,assets/exercises/Standing Calf Raise.png,assets/exercises/thumbs/standing-calf-raise.webp,assets/exercises/normalized/standing-calf-raise.webp,assets/exercises/hires/standing-calf-raise.webp,webp,ok,877KB → norm: 290KB (-67%)
step-up,Step-Up,png,yes,assets/exercises/Step-Up.png,assets/exercises/thumbs/step-up.webp,assets/exercises/normalized/step-up.webp,assets/exercises/hires/step-up.webp,webp,ok,943KB → norm: 22KB (-98%)
stiff-leg-deadlift,Stiff-Leg Deadlift,png,yes,assets/exercises/Stiff-Leg Deadlift.png,assets/exercises/thumbs/stiff-leg-deadlift.webp,assets/exercises/normalized/stiff-leg-deadlift.webp,assets/exercises/hires/stiff-leg-deadlift.webp,webp,ok,1168KB → norm: 151KB (-87%)
straight-arm-pulldown,Straight-Arm Pulldown,png,yes,assets/exercises/Straight-Arm Pulldown.png,assets/exercises/thumbs/straight-arm-pulldown.webp,assets/exercises/normalized/straight-arm-pulldown.webp,assets/exercises/hires/straight-arm-pulldown.webp,webp,ok,600KB → norm: 28KB (-95%)
sumo-deadlift,Sumo Deadlift,png,yes,assets/exercises/Sumo Deadlift.png,assets/exercises/thumbs/sumo-deadlift.webp,assets/exercises/normalized/sumo-deadlift.webp,assets/exercises/hires/sumo-deadlift.webp,webp,ok,1021KB → norm: 27KB (-97%)
sumo-squat,Sumo Squat,png,yes,assets/exercises/Sumo Squat.png,assets/exercises/thumbs/sumo-squat.webp,assets/exercises/normalized/sumo-squat.webp,assets/exercises/hires/sumo-squat.webp,webp,ok,299KB → norm: 28KB (-91%)
superman-hold,Superman Hold,png,yes,assets/exercises/Superman Hold.png,assets/exercises/thumbs/superman-hold.webp,assets/exercises/normalized/superman-hold.webp,assets/exercises/hires/superman-hold.webp,webp,ok,3420KB → norm: 147KB (-96%)
t-bar-row,T-Bar Row,png,yes,assets/exercises/T-Bar Row.png,assets/exercises/thumbs/t-bar-row.webp,assets/exercises/normalized/t-bar-row.webp,assets/exercises/hires/t-bar-row.webp,webp,ok,1343KB → norm: 308KB (-77%)
toe-touch-stretch,Toe Touch Stretch,png,yes,assets/exercises/Toe Touch Stretch.png,assets/exercises/thumbs/toe-touch-stretch.webp,assets/exercises/normalized/toe-touch-stretch.webp,assets/exercises/hires/toe-touch-stretch.webp,webp,ok,473KB → norm: 16KB (-97%)
triceps-pushdown,Triceps Pushdown,png,yes,assets/exercises/Triceps Pushdown.png,assets/exercises/thumbs/triceps-pushdown.webp,assets/exercises/normalized/triceps-pushdown.webp,assets/exercises/hires/triceps-pushdown.webp,webp,ok,1145KB → norm: 32KB (-97%)
upright-row,Upright Row,png,yes,assets/exercises/Upright Row.png,assets/exercises/thumbs/upright-row.webp,assets/exercises/normalized/upright-row.webp,assets/exercises/hires/upright-row.webp,webp,ok,326KB → norm: 33KB (-90%)
walking-lunge,Walking Lunge,png,yes,assets/exercises/Walking Lunge.png,assets/exercises/thumbs/walking-lunge.webp,assets/exercises/normalized/walking-lunge.webp,assets/exercises/hires/walking-lunge.webp,webp,ok,1010KB → norm: 30KB (-97%)
wide-push-up,Wide Push-Up,png,yes,assets/exercises/Wide Push-Up.png,assets/exercises/thumbs/wide-push-up.webp,assets/exercises/normalized/wide-push-up.webp,assets/exercises/hires/wide-push-up.webp,webp,ok,886KB → norm: 19KB (-98%)
wide-grip-lat-pulldown,Wide-Grip Lat Pulldown,png,yes,assets/exercises/Wide-Grip Lat Pulldown.png,assets/exercises/thumbs/wide-grip-lat-pulldown.webp,assets/exercises/normalized/wide-grip-lat-pulldown.webp,assets/exercises/hires/wide-grip-lat-pulldown.webp,webp,ok,1249KB → norm: 33KB (-97%)
wrist-flexor-stretch,Wrist Flexor Stretch,png,yes,assets/exercises/Wrist Flexor Stretch.png,assets/exercises/thumbs/wrist-flexor-stretch.webp,assets/exercises/normalized/wrist-flexor-stretch.webp,assets/exercises/hires/wrist-flexor-stretch.webp,webp,ok,637KB → norm: 26KB (-96%)